The European Council therefore decided that restrictive measures should be applied against those responsible for the violation of international electoral standards. (2) On 10 April 2006, the Council decided to adopt restrictive measures against President Lukashenko, the Belarusian leadership and officials responsible for the violations of international electoral standards and international human rights law, as well as for the crackdown on civil society and democratic opposition.
Article 7 The Commission and Member States shall immediately inform each other of the measures taken under this Regulation and shall supply each other with any other relevant information at their disposal in connection with this Regulation, in particular information in respect of violation and enforcement problems and judgments handed down by national courts.
Article 8 The Commission shall be empowered to: (a) amend Annex I on the basis of decisions taken in respect of the Annex IV to Common Position 2006/276/CFSP; and (b) amend Annex II on the basis of information supplied by Member States.
Article 10 This Regulation shall apply: - within the territory of the Community, including its airspace, - on board any aircraft or any vessel under the jurisdiction of a Member State, - to any natural person inside or outside the territory of the Community who is a national of a Member State, - to any legal person, entity or body which is incorporated or constituted under the law of a Member State, - to any legal person, entity or body in respect of any business done in whole or in part within the Community.
Article 11 This Regulation shall enter into force on the day of its publication in the Official Journal of the European Union.
Done at Brussels, 18 May 2006.
For the Council The President Franz Morak [1] See page 45 of this Official Journal. -------------------------------------------------- ANNEX I List of persons referred to in Article 2 Names (English transcription) | Names (Belarusian spelling) | Names (Russian spelling) | Date of birth | Place of birth | Position | Lukashenko Aleksandr Grigorievich (Lukashenka Alaksandr Ryhoravich) | Лукашенка Аляксандр Рыгоравiч | ЛУКАШЕНКО Александр Григорьевич | 30.8.1954 | Kopys, Vitebsk district | President | Nevyglas Gennady Nikolaevich (Nievyhlas Hienadz Mikalaevich) | Невыглас Генадзь Мікалаевіч | НЕВЫГЛАС Геннадий Николаевич | 11.2.1954 | Parahonsk, Pinsk district | Head of President's Administration | Petkevich Natalya Vladimirovna (Piatkevich Natallia Uladzimirauna) | Пяткевіч Наталля Уладзіміраўна | ПЕТКЕВИЧ Наталья Владимировна | 24.10.1972 | Minsk | Deputy Head of President's administration | Rubinov Anatoly Nikolaevich (Rubinau Anatol Mikalaevich) | Рубiнаў Анатоль Мікалаевіч | РУБИНОВ Анатолий Николаевич | 15.4.1939 | Mogilev | Deputy Head in charge of media and ideology, PA | Proleskovsky Oleg Vitoldovich (Pralaskouski Aleh Vitoldavich) | Праляскоўскi Алег Вiтольдавiч | ПРОЛЕСКОВСКИЙ Олег Витольдович | 1.10.1963 | Zagorsk (Russia, now Sergijev Posad) | Aide and Head of the Main Ideological department, PA | Radkov Aleksandr Mikhailovich (Radzkou Alaksandr Mikhailavich) | Радзькоў Аляксандр Міхайлавіч | РАДЬКОВ Александр Михайлович | 1.7.1951 | Votnya, Вотня Быховского района Могилевской области | Minister of Education | Rusakevich Vladimir Vasilyevich (Rusakevich Uladzimir Vasilievich) | Русакевіч Уладзімір Васільевіч | РУСАКЕВИЧ Владимир Васильевич | 13.9.1947 | Vygonoshchi, Выгонощи, Брестская область | Minister of Information | Golovanov Viktor Grigoryevich (Halavanau Viktar Ryhoravich) | Галаванаў Віктар Рыгоравіч | ГОЛОВАНОВ Виктор Григорьевич | 1952 | Borisov | Minister of Justice | Zimovsky Alexander Leonidovich (Zimouski Alaksandr Lieanidavich) | Зімоўскі Аляксандр Леанідавіч | ЗИМОВСКИЙ Александр Леонидович | 10.1.1961 | Germany | Member of the Upper House of the Parliament; Head of the national state teleradio company | Konoplyev Vladimir Nikolaevich (Kanapliou Uladzimir Mikalaevich) | Канаплёў Уладзiмiр Мiкалаевiч | КОНОПЛЕВ Владимир Николаевич | 3.1.1954 | Akulintsy, д. Акулинцы Могилевского района | Chairman of the Lower House of the Parliament | Cherginets Nikolai Ivanovich (Charhiniets Mikalai Ivanavich) | Чаргiнец Мiкалай Iванавiч | ЧЕРГИНЕЦ Николай Иванович | 17.10.1937 | Minsk | Chairman of the Foreign Affairs Committee of the Upper House | Kostyan Sergei Ivanovich (Kastsian Siarhiei Ivanavich) | Касцян Сяргей Iванавiч | КОСТЯН Сергей Иванович | 15.1.1941 | Usokhi, Mogilev district, Усохи Кличевского района Могилевской области | Chairman of the Foreign Affairs Committee of the Lower House | Orda Mikhail Sergeevich (Orda Mikhail Siarhieevich) | Орда Мiхаiл Сяргеевiч | ОРДА Михаил Сергеевич | 28.9.1966 | Dyatlovo, Grodno district, Дятлово Гродненской области | Member of the Upper House, leader of BRSM | Lozovik Nikolai Ivanovich (Lazavik Mikalai Ivanavich) | Лазавік Мікалай Іванавіч | ЛОЗОВИК Николай Иванович | 18.1.1951 | Nevinyany, Minsk district, Невиняны Вилейского р-на Минской обл | Deputy of the CEC | Miklashevich Petr Petrovich (Miklashevich Piotr Piatrovich) | Мiклашэвiч Пётр Пятровiч | МИКЛАШЕВИЧ Петр Петрович | 1954 | Kosuta, Minsk district, Косута Минской области | Prosecutor General | Slizhevsky Oleg Leonidovich (Slizheuski Aleh Leanidavich) | Слiжэўскi Алег Леанiдавiч | СЛИЖЕВСКИЙ Олег Леонидович | | | Head of the Division of Social organisations, parties and NGOs, Ministry of Justice | Khariton Aleksandr (Kharyton Alaksandr) | Харытон Аляксандр | ХАРИТОН Александр | | | Consultant of the Division of Social organisations, parties and NGOs of the Ministry of Justice | Smirnov Evgeny Aleksandrovich (Smirnou Yauhien Alaksandravich) | Смiрноў Яўген Аляксандравiч | CМИРНОВ Евгений Александрович | 15.3.1949 | Ryazan district, Russia | First Deputy of the Chairman of the Economic Court | Reutskaya Nadezhda Zalovna (Ravutskaya Nadzieja Zalauna) | Равуцкая Надзея Залаўна | РЕУТСКАЯ Надежда Заловна | | | Judge of the Moscow district of Minsk | Trubnikov Nikolai Alekseevich (Trubnikau Mikalai Alakseevich) | Трубнiкаў Мiкалай Аляксеевiч | ТРУБНИКОВ Николай Алексеевич | | | Judge of the Partizanskiy disctrict of Minsk | Kupriyanov Nikolai Mikhailovich (Kupryianau Mikalai Mikhailavich) | Купрыянаў Мiкалай Мiхайлавiч | КУПРИЯНОВ Николай Михайлович | | | Deputy Prosecutor General | Sukhorenko Stepan Nikolaevich (Sukharenka Stsiapan Mikalaevich) | Сухарэнка Сцяпан Мікалаевіч | СУХОРЕНКО Степан Николаевич | 27.1.1957 | Zdudichi, Gomel district, Здудичи Светлогорского района Гомельской области | Chairman of KGB | Dementei Vasily Ivanovich (Dzemiantsiei Vasil Ivanavich) | Дземянцей Васiль Iванавіч | ДЕМЕНТЕЙ Василий Иванович | | | First Deputy, KGB | Kozik Leonid Petrovich (Kozik Leanid Piatrovich) | Козiк Леанiд Пятровiч | КОЗИК Леонид Петрович | 13.7.1948 | Borisov | Head of the Federation of Trade Unions | Koleda Alexandr Mikhailovich (Kalada Alaksandr Mikhailavich) | Каляда Аляксандр Мiхайлавiч | КОЛЕДА Александр Михайлович | | | Сhairman of the Elections Commission of the Brest district | Mikhasev Vladimir Ilyich (Mikhasiou Uladzimir Iliich) | Мiхасёў Уладзiмiр Iльiч | МИХАСЕВ Владимир Ильич | | | Сhairman of the CEC of the Gomel district | Luchina Leonid Aleksandrovich | Лучына Леанiд Аляксандравiч | ЛУЧИНА Леонид Александрович | 18.11.1947 | Minsk district | Сhairman of the CEC of the Grodno district | Karpenko Igor Vasilievich (Karpenka Ihar Vasilievich) | Карпенка Iгар Васiльевiч | КАРПЕНКО Игорь Васильевич | 28.4.1964 | Novokuznetsk, Russia Новокузнецк Кемеровской области, Россия | Сhairman of the CEC of the Minsk City | Kurlovich Vladimir Anatolievich (Kurlovich Uladzimir Anatolievich) | Курловiч Уладзiмiр Анатольевiч | КУРЛОВИЧ Владимир Анатольевич | | | Сhairman of the CEC of the Minsk district | Metelitsa Nikolai Timofeevich (Miatsielitsa Mikalai Tsimafeevich) | Мяцелiца Мiкалай Цiмафеевiч | МЕТЕЛИЦА Николай Тимофеевич | | | Сhairman of the CEC of the Mogilev district | Pishchulenok Mikhail Vasilievich (Pishchulenak Mikhail Vasilievich) | Пiшчулёнак Мiхаiл Васiльевiч | ПИЩУЛЕНОК Михаил Васильевич | | | Сhairman of the CEC of the Vitebsk district | Sheyman (Sheiman), Victor Vladimirovich | | | 26.5.1958 | Grodno region | State Secretary of the Security Council | Pavlichenko (Pavliuchenko), Dmitri (Dmitry) Valeriyevich | | | 1966 | Vitebsk | Head of the Special Response Group at the Ministry of the Interior (SOBR) | Naumov, Vladimir Vladimïrovich | | | 1956 | | Minister of the Interior | Yermoshina Lydia Mihajlovna | | | 29.1.1953 | Slutsk (Minsk Region) | Chairwoman of the Central Election Commission | Podobed Yuri Nikolaevich | | | 5.3.1962 | Slutsk (Minsk Region) | Lieutenant-Colonel of Militia, Unit for Special Purposes (OMON), Ministry of Internal Affairs | -------------------------------------------------- ANNEX II List of competent authorities BELGIUM Concerning freezing of funds, financing and financial assistance: Service Public Fédéral des Finances Administration de la Trésorerie 30 Avenue des Arts B-1040 Bruxelles Fax (32-2) 233 74 65 E-mail: Quesfinvragen.tf@minfin.fed.be Federale Overheidsdienst Financiën Administratie van de Thesaurie Kunstlaan 30 B-1040 Brussel Fax (32-2) 233 74 65 E-mail: Quesfinvragen.tf@minfin.fed.be CZECH REPUBLIC Ministerstvo financí Finanční analytický útvar P.O.
Box 675 Jindřišská 14 111 21 Praha 1 Tel: +420 25704 4501 Fax: +420 25704 4502 Ministerstvo zahraničních věcí Odbor společné zahraniční a bezpečnostní politiky EU Loretánské nám. 5 118 00 Praha 1 Tel: + 420 2 2418 2987 Fax: + 420 2 2418 4080 DENMARK Erhvervs- og Byggestyrelsen Dahlerups Pakhus Langelinie Allé 17 DK-2100 København Ø Tel. (45) 35 46 60 00 Fax (45) 35 46 60 01 Udenrigsministeriet Asiatisk Plads 2 DK-1448 København K Tel. (45) 33 92 00 00 Fax (45) 32 54 05 33 Justitsministeriet Slotsholmsgade 10 DK-1216 København K Tel. (45) 33 92 33 40 Fax (45) 33 93 35 10 GERMANY Concerning funds: Deutsche Bundesbank Servicezentrum Finanzsanktionen Postfach D-80281 München Tel. (49-89) 2889 3800 Fax (49-69) 70 90 97 38 00 Concerning economic resources: - for information concerning economic resources according to Article 5 Bundesministerium für Wirtschaft und Technologie Referat V B 2 Scharnhorststraße 34—37 10115 Berlin Tel.: (49-03018) 6 15-9 Fax: (49-03018) 6 15-53 58 E-Mail: BUERO-VB2@bmwa.bund.de - for authorisations concerning economic resources according to Article 3 Bundesamt für Wirtschafts- und Ausfuhrkontrolle (BAFA) Frankfurter Straße 29—35 D-65760 Eschborn Tel. (49) 61 96 908-0 Fax (49) 61 96 908-800 ESTONIA Eesti Välisministeerium Islandi väljak 1 15049 Tallinn Tel: +372 6 317 100 Fax: +372 6 317 199 Finantsinspektsioon Sakala 4 15030 Tallinn Tel: +372 6680500 Fax: +372 6680501 GREECE A.
Freezing of Assets Ministry of Economy and Finance General Directory of Economic Policy Address: 5 Nikis Str., 101 80 Athens, Greece Tel.: + 30 210 3332786 Fax: + 30 210 3332810 Α. Δέσμευση κεφαλαίων Υπουργείο Οικονομίας και Οικονομικών Γενική Δ/νσηΟικονομικής Πολιτικής Δ/νση: Νίκης 5, ΑΘΗΝΑ 101 80 Τηλ.: + 30 210 3332786 Φαξ: + 30 210 3332810 B.
Import — Export restrictions Ministry of Economy and Finance General Directorate for Policy Planning and Management Address Kornaroy Str., GR-105 63 Athens Tel.: + 30 210 3286401-3 Fax.: + 30 210 3286404 Β. Περιορισμοί εισαγωγών — εξαγωγών Υπουργείο Οικονομίας και Οικονομικών Γενική Δ/νσηΣχεδιασμού και Διαχείρισης Πολιτικής Δ/νση: Κορνάρου 1, Τ.Κ. 105 63 Αθήνα — Ελλάς Τηλ.: + 30 210 3286401-3 Φαξ: + 30 210 3286404 SPAIN Ministerio de Industria, Comercio y Turismo Secretaría General de Comercio Exterior Paseo de la Castellana, 162 E-28046 Madrid Tel (34) 913 49 38 60 Fax (34) 914 57 28 63 Ministerio de Economía y Hacienda Dirección General del Tesoro y Política Financiera Subdirección General de Inspección y Control De Movimientos de Capitales Paseo del Prado, 6 E-28014 Madrid Tel (34) 91 209 95 11 Fax (34) 91 209 96 56 FRANCE Ministère de l'économie, des finances et de l'industrie Direction générale des douanes et des droits indirects Cellule embargo — Bureau E2 Tél.: (33) 1 44 74 48 93 Télécopie: (33) 1 44 74 48 97 Ministère de l'économie, des finances et de l'industrie Direction du Trésor et de la politique économique Service des affaires multilatérales et de développement Sous-direction Multicom 139, rue du Bercy 75572 Paris Cedex 12 Tél.: (33) 1 44 87 72 85 Télécopie: (33) 1 53 18 96 55 Ministère des Affaires étrangères Direction de la coopération européenne Sous-direction des relations extérieures de la Communauté Tél.: (33) 1 43 17 44 52 Télécopie: (33) 1 43 17 56 95 Direction générale des affaires politiques et de sécurité Service de la Politique Étrangère et de Sécurité Commune Tél.: (33) 1 43 17 45 16 Télécopie: (33) 1 43 17 45 84 IRELAND Central Bank and Financial Services Authority of Ireland Financial Markets Department PO Box No 559 Dame Street Dublin 2 Tel. (353) 1 434 4000 Fax (353) 1 671 6561 Department of Foreign Affairs Russia, Eastern Europe, Central Asia Section Political Division 80 St.
H-1024 Budapest Magyarország Postafiók: 1537 Pf.: 345 Tel.: +36-1-336-7300 Article 7 Hungarian National Police Teve u. 4–6.
Magyarország Tel./fax: +36-1-443-5554 Article 8 Ministry of Finance József nádor tér. 2–4.
Magyarország Postafiók: 1369 Pf.: 481 Tel.: +36-1-318-2066, +36-1-327-2100 Fax: +36-1-318-2570, +36-1-327-2749 MALTA Bord ta' Sorveljanza dwar is-Sanzjonijiet Direttorat ta' l-Affarijiet Multilaterali Ministeru ta' l-Affarijiet Barranin Palazzo Parisio Triq il-Merkanti Valletta CMR 02 Tel: +356 21 24 28 53 Fax: +356 21 25 15 20 NETHERLANDS Belastingdienst/Douane Noord Centrale Dienst In- en Uitvoer Engelse Kamp 2 Postbus 30003 9700 RD Groningen tel: 050-523 2600 fax: 050-523 2183 Minister van Financiën Directie Financiële Markten/Afdeling Integriteit Postbus 20201 NL-2500 EE Den Haag Tel.: (31-70) 342 8997 Fax: (31-70) 342 7984 AUSTRIA Österreichische Nationalbank Otto Wagner Platz 3, A-1090 Wien Tel. (01-4042043 1) 404 20-0 Fax (43 1) 404 20-73 99 POLAND Ministerstwo Spraw Zagranicznych Departament Prawno – Traktatowy Al.
Henrique, n.o 1, C 2.o P-1100 Lisboa Tel. (351) 21 882 32 40/47 Fax (351) 21 882 32 49 SLOVENIA Bank of Slovenia Slovenska 35 1505 Ljubljana Tel: +386 (1) 471 90 00 Fax: +386 (1) 251 55 16 http://www.bsi.si Ministry of Finance Župančičeva 3 1502 Ljubljana Tel: +386 (1) 369 66 31 Fax: +386 (1) 369 66 59 Ministry of Foreign Affairs Prešernova 25 1000 Ljubljana Tel: +386 1 478 20 00 Fax: +386 1 478 23 47 http://www.gov.si/mzz SLOVAKIA Ministerstvo financií SR Štefanovičova 5 P.O.
BOX 82 817 82 Bratislava tel: 00421 2 5958 1111 fax: 00421 2 5249 3048 FINLAND Ulkoasiainministeriö/Utrikesministeriet PL/PB 176 FI-00161 Helsinki/Helsingfors Tel. (358-9) 160 05 Fax (358-9) 16 05 57 07 SWEDEN Article 3 Försäkringskassan SE-103 51 Stockholm Tfn (46-8) 786 90 00 Fax (46-8) 411 27 89 Articles 4 and 5 Finansinspektionen Box 6750 SE-113 85 Stockholm Tfn (46-8) 787 80 00 Fax (46-8) 24 13 35 UNITED KINGDOM HM Treasury Financial Sanctions Unit Financial Crime Team 1, Horse Guards Road London SW1A 2HQ United Kingdom Tel. (44-207) 270-5977 Fax (44-207) 270-5430 Bank of England Financial Sanctions Unit Threadneedle Street London EC2R 8AH United Kingdom Tel. (44-207) 601 4607 Fax (44 207) 601 4309 For Gibraltar: Chief Secretary Government Secretariat No 6 Convent Place Gibraltar Tel. (350) 75707 Fax (350) 5875700 Address for notifications to the European Commission: European Commission DG External Relations Directorate A.
